-- phpMyAdmin SQL Dump
-- version 5.1.0
-- https://www.phpmyadmin.net/
--
-- Хост: 127.0.0.1:3306
-- Время создания: Ноя 13 2021 г., 17:04
-- Версия сервера: 5.7.33
-- Версия PHP: 7.1.33

SET SQL_MODE = "NO_AUTO_VALUE_ON_ZERO";
START TRANSACTION;
SET time_zone = "+00:00";


/*!40101 SET @OLD_CHARACTER_SET_CLIENT=@@CHARACTER_SET_CLIENT */;
/*!40101 SET @OLD_CHARACTER_SET_RESULTS=@@CHARACTER_SET_RESULTS */;
/*!40101 SET @OLD_COLLATION_CONNECTION=@@COLLATION_CONNECTION */;
/*!40101 SET NAMES utf8mb4 */;

--
-- База данных: `numismat`
--

-- --------------------------------------------------------

--
-- Структура таблицы `atributes`
--

CREATE TABLE `atributes` (
  `id` int(11) NOT NULL,
  `name_atribut` varchar(128) NOT NULL,
  `photo_atribut` varchar(255) NOT NULL,
  `id_category` int(11) NOT NULL,
  `short_name` varchar(26) NOT NULL
) ENGINE=InnoDB DEFAULT CHARSET=utf8;

--
-- Дамп данных таблицы `atributes`
--

INSERT INTO `atributes` (`id`, `name_atribut`, `photo_atribut`, `id_category`, `short_name`) VALUES
(3, 'Старинные монеты', '1628771279stgold.jpg', 1, ''),
(4, 'Современные монеты', '1628771347newgold.jpg', 1, ''),
(5, 'Золотые монеты на подарок по году рождения', '1628771382happyb.jpg', 1, ''),
(6, 'Золотые монеты на подарок по месяцу рождения', '1628771420paygold.jpg', 1, ''),
(7, 'Серебряные монеты на подарок по году рождения', '1628772993IMG_67072-140x140.jpg', 2, ''),
(8, 'Серебряные монеты на подарок по месяцу рождения', '1628773028pomesyacam-140x140.jpg', 2, ''),
(9, 'Тематические монеты', '16287730826-140x140.jpg', 2, ''),
(10, 'Допетровские (1533 - 1717 гг.)', '1628773161dodnepr-140x140.jpg', 4, ''),
(12, 'Петра І (1700 - 1725 гг.)', '1628773313jjjhjhjhjhjh.jpg', 4, ''),
(13, 'Монеты Екатерины І (1725 - 1727 гг.)', '1628773374ekat.jpg', 4, ''),
(14, 'Монеты Петра ІІ (1727 - 1730 гг.)', '1628773671petrtwo.jpg', 4, ''),
(15, 'Монеты Анны Иоанновны (1730 - 1740 гг.)', '1628773716annaion.jpg', 4, ''),
(16, 'Монеты Ивана VI (1740 - 1741 гг.)', '1628773874ivanfour.jpg', 4, ''),
(17, 'Монеты Елизаветы Петровны (1741 - 1762 гг.)', '1628774751el.jpg', 4, ''),
(18, 'Монеты Екатерины ІІ (1762 - 1796 гг.)', '1628774845ekaterinatwo.jpg', 4, ''),
(19, 'Монеты Петра III (1762 г.)', '162877508456643143_1268948219_svetskiy_raut-140x140.jpg', 4, ''),
(20, 'Монеты Павла І (1797 - 1801 гг.)', '1628775137pavlofirst.jpg', 4, ''),
(21, 'Монеты Александра І (1801 - 1825 гг.)', '1628775206oleksandr.jpg', 4, ''),
(22, 'Монеты Николая І (1825 - 1855 гг.)', '1628775248nikalaiu1.jpg', 4, ''),
(23, 'Монеты Александра ІІ (1855 - 1881 гг.)', '1628775287aleksandr.jpg', 4, ''),
(24, 'Монеты Александра ІІІ (1881 - 1894 гг.)', '1628775315aleksandr3.jpg', 4, ''),
(25, 'Монеты Николая ІІ (1894 - 1917 гг.)', '1628775376nikalaiu2.jpg', 4, ''),
(26, 'Альбомы для монет', '1630058424albom.jpg', 8, ''),
(27, 'Капсулы и холдеры для монет', '1630058474kapsul1-140x140.jpg', 8, ''),
(28, 'Каталоги и литература', '1630058512litres.jpg', 8, ''),
(29, 'Поисковый инвентарь', '1630058545det-140x140.png', 8, ''),
(30, 'Весы карманные', '1630058569aaaaaaaaaa.jpg', 8, ''),
(31, 'Сувенирные серебряные пластины и другая продукция НБУ', '1630058612IMG_1614-140x140.jpg', 3, ''),
(32, 'Юбилейные монеты Украины из недрагоценных металлов', '163005863710-letije-chernobylskoj-katastrofy-200000-karbovancev-140x140.jpg', 3, ''),
(33, 'Юбилейные монеты Украины из СЕРЕБРА', '1630058693silverukr.jpg', 3, ''),
(34, 'Юбилейные монеты Украины из ЗОЛОТА', '1630058723goldukr.jpg', 3, ''),
(35, 'Монеты Древнего Рима', '1630072181denarijgord3305g20m180_01-140x140.jpg', 6, ''),
(36, 'Монеты Древней Греции', '1630072208statertrakiyafasos453449gdone886g23m700_01-140x140.jpg', 6, ''),
(37, 'Монеты Византийской Империи', '1630072238IMG_2857-140x140.jpg', 6, ''),
(38, 'Монеты Киевской Руси', '1630072267Zlatnik_from_Hermitage-140x140.jpg', 6, ''),
(39, 'Юбилейные монеты Украины - биметалл (золото-серебро)', '1632215812150px-Coin_of_Ukraine_Paleolit_A-140x140.jpg', 3, ''),
(40, 'Инвестиционные монеты Украины из золота и серебра, платины', '1632925489arhangel-140x140 (1).jpg', 3, ''),
(41, 'Памятные настольные медали НБУ', '163292552120170416_102026500x500-140x140.jpg', 3, ''),
(43, 'Годовые коллекционные наборы НБУ с оборотными монетами Украины', '1632925575IMG_0701-140x140.jpg', 3, ''),
(44, 'Монеты РСФСР 1921-1923 гг', '1633556216rubl.jpg', 5, ''),
(45, 'Монеты СССР 1924-1931 гг', '16335562691924-01-rr-140x140.jpg', 5, ''),
(46, 'Монеты СССР 1931-1958 Гг', '1633613132lkdfdslkfdlkdfldfldf.jpg', 5, ''),
(47, 'Монеты СССР 1961-1991 Гг', '1633613156dfgkjdfkjdgkjdkgjd.jpg', 5, ''),
(49, 'Монеты юбилейные СССР 1965-1991 гг', '1633613277ubileyniussr.jpg', 5, ''),
(50, 'Юбилейные рубли СССР в банковских запайках в состоянии Unc и Proof', '1633613319400.970-140x140 (1).jpg', 5, ''),
(51, 'Годовые наборы с разменными монетами СССР в состоянии Unc', '1633613390IMG_7791-140x140.jpg', 5, ''),
(52, 'Серебряные монеты СССР 1977-1991 годов в состоянии Unc и Proof. Олимпиада 80', '1633613445shtanga1-140x140.jpg', 5, ''),
(53, 'Монеты СССР из драгоценных металлов', '163361347215-0.Seyatel1975-140x140.jpg', 5, ''),
(54, 'Монеты средневековой Европы 500-1500 гг', '1633614792serebryanye-monety-srednevekovoj-polshi.png', 7, ''),
(55, 'Монеты средневековой Азии 500-1500 гг', '1633614770121326486.jpg', 7, '');

-- --------------------------------------------------------

--
-- Структура таблицы `category`
--

CREATE TABLE `category` (
  `id` int(11) NOT NULL,
  `name` varchar(64) NOT NULL,
  `description` text NOT NULL,
  `short_name` varchar(23) NOT NULL,
  `photo_category` varchar(255) NOT NULL
) ENGINE=InnoDB DEFAULT CHARSET=utf8;

--
-- Дамп данных таблицы `category`
--

INSERT INTO `category` (`id`, `name`, `description`, `short_name`, `photo_category`) VALUES
(1, 'Золотые монеты на подарок', '', '', '1628768022gold.jpg'),
(2, 'Серебряные монеты на подарок', '', '', '1628768057silver.jpg'),
(3, 'Монеты Украины', '', '', '1628768489ukr.jpg'),
(4, 'Монеты Императорской России', '', '', '1628768514ros.jpg'),
(5, 'Монеты РСФСР и СССР', '', '', '1628768568ussr.jpg'),
(6, 'Монеты античных государств', '', '', '1628768591and.jpg'),
(7, 'Монеты средневековой Европы и Азии', '', '', '1628768615antaseu.jpg'),
(8, 'Аксессуары для коллекционеров', '', '', '1628768956unnamed.jpg');

-- --------------------------------------------------------

--
-- Структура таблицы `commentary`
--

CREATE TABLE `commentary` (
  `id` int(11) NOT NULL,
  `name` varchar(64) NOT NULL,
  `comment_text` text NOT NULL,
  `email` varchar(128) NOT NULL,
  `datetime` datetime NOT NULL
) ENGINE=InnoDB DEFAULT CHARSET=utf8;

--
-- Дамп данных таблицы `commentary`
--

INSERT INTO `commentary` (`id`, `name`, `comment_text`, `email`, `datetime`) VALUES
(1, 'Михаил', 'Дуже вдячний за професійне та чутливе обслуговування, при цьому врахували проблеми, які пов&#039;язані з моїм поважним віком, рекомендую', 'sts@gmail.com', '2021-10-07 17:25:53'),
(2, 'Александ Херсон', 'Оценили монеты по весьма хорошей цене. Продажа прошла через новую почту, забрали посылку в день прибытия на почту. Сделкой доволен, советую.', 'alexherson@gmail.com', '2021-10-07 17:27:28'),
(3, 'Наталия', 'Отличный магазин, приятные продавцы. Прекрасный выбор и рыночная цена. Очень быстро отправили посылку, всё пришло вовремя. Спасибо.', 'natali998@mail.ru', '2021-10-07 21:53:41');

-- --------------------------------------------------------

--
-- Структура таблицы `item_monets`
--

CREATE TABLE `item_monets` (
  `id` int(11) NOT NULL,
  `meta_title` varchar(128) NOT NULL,
  `meta_description` varchar(128) NOT NULL,
  `meta_keywords` varchar(128) NOT NULL,
  `name` varchar(128) NOT NULL,
  `type` varchar(64) NOT NULL,
  `category_id` int(11) NOT NULL,
  `atribut_id` int(11) NOT NULL,
  `colichestvo` varchar(64) NOT NULL,
  `kod_tovara` varchar(18) NOT NULL,
  `fulldescription` text NOT NULL,
  `gurt` varchar(28) DEFAULT NULL,
  `weight` varchar(12) DEFAULT NULL,
  `diametr` varchar(64) DEFAULT NULL,
  `year` varchar(32) DEFAULT NULL,
  `country` varchar(64) DEFAULT NULL,
  `type_monets` varchar(64) DEFAULT NULL,
  `nominal` varchar(64) DEFAULT NULL,
  `series` varchar(128) DEFAULT NULL,
  `quality` varchar(64) DEFAULT NULL,
  `chekan_type` varchar(64) DEFAULT NULL,
  `price` decimal(64,0) NOT NULL,
  `oldprice` decimal(10,0) DEFAULT NULL,
  `salepercent` int(11) DEFAULT NULL,
  `material` varchar(64) NOT NULL
) ENGINE=InnoDB DEFAULT CHARSET=utf8;

--
-- Дамп данных таблицы `item_monets`
--

INSERT INTO `item_monets` (`id`, `meta_title`, `meta_description`, `meta_keywords`, `name`, `type`, `category_id`, `atribut_id`, `colichestvo`, `kod_tovara`, `fulldescription`, `gurt`, `weight`, `diametr`, `year`, `country`, `type_monets`, `nominal`, `series`, `quality`, `chekan_type`, `price`, `oldprice`, `salepercent`, `material`) VALUES
(4, 'Лимесный денарий ', 'Лимесный денарий ', 'Лимесный денарий ', 'Лимесный денарий 161 — 181 г. н.е. — Фаустина I (Веста)', 'обиходные монеты', 6, 35, '4', '123455-AM', 'Монета Римской империи. Состояние на фото.', 'null', '2.96', '19', '100 - 141 г. н.е.', 'Римская империя', 'обиходные монеты', 'Лимесный денарий', 'Фаустина I (Веста)', 'null', '', '350', '385', 10, 'Серебро'),
(5, 'Монета Римской империи', 'Монета Римской империи', 'Монета Римской империи', 'Антониниан 238 — 244 г. н.е. — Гордиан III (Летиция) — серебро', 'обиходные монеты', 6, 35, '3', '56434-BV', 'Монета Римской империи. Состояние на фото.', 'null', '3.75', '26.2', '238 - 244 г. н.е.', 'Римская империя', 'обиходные монеты', 'Антониниан', 'Гордиан III (Летиция)', 'XF - Отличное', '', '2388', NULL, NULL, 'Сплав'),
(6, '7 РУБЛЕЙ 50 КОПЕЕК НИКОЛАЯ ІІ', '7 РУБЛЕЙ 50 КОПЕЕК НИКОЛАЯ ІІ', '7 РУБЛЕЙ 50 КОПЕЕК НИКОЛАЯ ІІ', '7 РУБЛЕЙ 50 КОПЕЕК НИКОЛАЯ ІІ', 'коллекционные монеты', 1, 3, '2', '56838-NT', 'Свое начало золотая монета берет с 3 января 1897 года. Чеканилась в Санкт-Петербурге. Такой большой тираж привел к появлению разных штемпельных оттисков, что делает некоторые монеты просто уникальными.', 'Гладкий', '6,4', '21,3', '1897', 'Российская Империя', 'коллекционные монеты', '7 рублей 50 копеек', 'Золотые монеты Российской Империи', 'XF - Отличное', '', '22900', NULL, NULL, 'Золото'),
(7, 'Золотая памятная монета ', 'Золотая памятная монета ', 'Золотая памятная монета ', 'Золотая памятная монета ', 'коллекционные монеты', 3, 31, '5', '76462-UK', 'На аверсе памятной монеты размещены: вверху - малый Государственный Герб Украины, под которым надписи: УКРАИНА / НАЦИОНАЛЬНЫЙ БАНК; номинал 1 (по центру), обозначение металла, его пробы, массы монеты в чистоте Au 999,9 / 15,55 (слева от номинала), надпись Председатель и подпись В.С. Стельмаха, который возглавлял НБУ в 2010 году (справа от номинала), ГРИВНЯ (под номиналом полукругом) внизу на фоне стилизованного орнамента в виде подковы - год чеканки 2010.\r\n\r\nНа реверсе - размещено изображение князя Владимира Великого, который держит в правой руке крест, а в левой - макет Десятинной церкви, и надпись ВЛАДИМИР ВЕЛИКИЙ (вверху полукругом). Художник и скульптор - Владимир Демьяненко', 'null', '15.55', '25', '2010', 'Украина', 'коллекционные монеты', 'гривна', 'памятная', 'UNC / АЦ - Не была в обращении  / Анциркулейтед', 'PROOF', '54000', NULL, NULL, 'Золото'),
(8, '“Скіфське золото. Олень” у футлярі', '“Скіфське золото. Олень” у футлярі', '“Скіфське золото. Олень” у футлярі', '“Скіфське золото. Олень” у футлярі', 'коллекционные монеты', 3, 31, '10', '32823-SK', '“Скіфське золото. Олень” у футлярі\r\nДата випуску: 30 Червня 2011\r\nСерія «Найменша золота монета», 2011\r\nНомінал:\r\n 2 грн\r\nТираж:\r\n 10000 шт\r\nДіаметр:\r\n 13,92 мм\r\nГурт:\r\n гладкий\r\nВага:\r\n 1.24 г\r\nМетал:\r\n золото \r\n(Au 999,9)\r\nКатегорія якості:\r\n спеціальний анциркулейтед\r\nАртикул:\r\n 10013\r\nОпис:\r\nПрисвячена зразку ювелірного мистецтва Скіфії - золотій пластині із зображенням оленя (VII - VI ст. до н.е.) з кургану поблизу с. Синявки Черкаської області.\r\n\r\nНа аверсі монети в намистовому колі розміщено малий Державний Герб України, над яким - рік карбування монети - 2011; між намистовим колом і кантом монети - кругові написи: НАЦІОНАЛЬНИЙ БАНК УКРАЇНИ (угорі), 2 ГРИВНІ (унизу), а також позначення металу, його проби - Au 999,9 (ліворуч), маса - 1,24 та логотип Монетного двору Національного банку України (праворуч).\r\n\r\nНа реверсі монети зображено фігурку оленя та внизу півколом розміщено напис СКІФСЬКЕ ЗОЛОТО.', 'Гладкий', '1,24', '13,92', '2011', 'Украина', 'коллекционные монеты', '2 грн', 'Скіфське золото', 'UNC / АЦ - Не была в обращении  / Анциркулейтед', '', '3261', NULL, NULL, 'Золото'),
(9, 'Повітряні Сили Збройних Сил України', 'Повітряні Сили Збройних Сил України', 'Повітряні Сили Збройних Сил України', 'Повітряні Сили Збройних Сил України', 'коллекционные монеты', 3, 32, '100', 'PV-87327', 'Присвячена одному з носіїв бойового потенціалу Збройних Сил України, потужному і технологічному виду Збройних Сил України, який є одним із головних інструментів стримування військової агресії проти України, забезпечення стійкості її системи оборони, гарантування миру і безпеки держави у взаємодії з іншими складовими сил оборони і міжнародними партнерами.\r\n\r\nНа аверсі монети розміщено: малий Державний Герб України (ліворуч), напис УКРАЇНА (угорі півколом); рік карбування монети 2020 (праворуч); у центрі – зображення емблеми Повітряних Сил Збройних Сил України, під якою – логотип Банкнотно-монетного двору Національного банку України; номінал 10 ГРИВЕНЬ (унизу).\r\n\r\nНа реверсі монети на тлі дзеркального абрису літака зображено бойовий літак Повітряних Сил Збройних Сил України та вгорі написи: ПОВІТРЯНІ/СИЛИ (на матовому тлі), ЗБРОЙНИХ/СИЛ/УКРАЇНИ (на тлі абрису літака).', 'Рифлёный', '12.4', '30', '2020', 'Украина', 'коллекционные монеты', 'Гривна', 'Серія «Збройні Сили України»', 'UNC / АЦ - Не была в обращении  / Анциркулейтед', '', '10', NULL, NULL, 'сплав на основе цинку'),
(10, '100-річчя створення Українського військово-морського флоту', '100-річчя створення Українського військово-морського флоту', '100-річчя створення Українського військово-морського флоту', '100-річчя створення Українського військово-морського флоту', 'коллекционные монеты', 3, 32, '70', 'MF-898212', 'Присвячена 100-річчю створення Українського військово-морського флоту`. Центральною Радою на початку 1918 року було прийнято ряд важливих військово-морських законів, які на той час мали декларативний характер, у тому числі один із найголовніших - `Тимчасовий закон про флот`. 29 квітня 1918 року адмірал М. Саблін - командуючий Чорноморським флотом, ураховуючи настрої більшості українських моряків, офіційно проголосив увесь Чорноморський флот у Севастополі та Криму флотом УНР та наказав підняти український прапор. Цей день став видатним для українського державного флоту та святом українського моря, днем, коли `ціла українська фльота виявила свою приналежність до Батьківщини`.\r\n\r\nНа аверсі монети розміщено: угорі на матовому тлі: малий Державний Герб України, ліворуч від якого вертикальні написи: УКРАЇНА та номінал - 10 ГРИВЕНЬ; рік карбування - 2018; праворуч на дзеркальному тлі - стилізовані прапор військово-морського флоту України тих часів та абрис військового корабля на хвилях, ліворуч від якого - логотип Банкнотно-монетного двору Національного банку України.\r\n\r\nНа реверсі монети на тлі стилізованих хвиль розміщено напис 100, у нулях якого - роза вітрів (векторна діаграма, яка характеризує напрямки вітру) та тризуб, накладений на якір, по обидві сторони від якого роки: 1918, 2018. Розміщено написи: СТВОРЕННЯ УКРАЇНСЬКОГО (угорі), ВІЙСЬКОВО-МОРСЬКОГО ФЛОТУ (унизу).', 'Рифлёный', '12.4', '30', '2018', 'Украина', 'коллекционные монеты', '10 грн', 'Серія «Збройні Сили України»', 'UNC / АЦ - Не была в обращении  / Анциркулейтед', '', '10', NULL, NULL, 'сплав на основе цинку'),
(11, 'Набір `Монети України` 2021 року', 'Набір `Монети України` 2021 року', 'Набір `Монети України` 2021 року', 'Набір `Монети України` 2021 року', 'другое', 3, 43, '54', 'NB-010101', 'Колекційний набір “Монети України 2021 року” присвячений 25-річчю грошової реформи в Україні.\r\nОдним із найважливіших атрибутів державності є власна грошова одиниця. Саме тому “золотими” літерами у вітчизняну історію вписана дата 2 вересня 1996 року, коли було введено в обіг грошову одиницю України – гривню – спадкоємицю державницьких традицій Київської Русі та Української Народної Республіки.\r\nНині Національний банк України має сучасне високотехнологічне банкнотно-монетне виробництво та готовий забезпечити економіку держави банкнотами і монетами необхідних номіналів та високої якості.\r\nДо набору входять розмінні монети України номіналами 10, 50 копійок, обігові монети номіналами 1, 2, 5, 10 гривень та пам’ятна медаль, присвячена 25-річчю грошової реформи в Україні.\r\nМонети номіналами 10, 50 копійок виготовлено з низьковуглецевої сталі з латунним покривом, монети номіналами 1, 2 гривні – з низьковуглецевої сталі з нікелевим покривом, монети номіналами 5, 10 гривень – зі сплаву на основі цинку з нікелевим покривом, пам’ятна медаль – із нейзильберу.\r\n\r\nНа поверхні розмінних та обігових монет, в процесі використання їх в обігу та зберігання у наборі, можуть проявлятися ознаки окислення у вигляді потемніння поверхні монет.\r\n\r\nНа аверсі пам’ятної медалі на тлі стилізованої захисної сітки розміщено: малий Державний Герб України (по центру), написи: УКРАЇНА (угорі), 2021 (унизу) та логотип Банкнотно-монетного двору Національного банку України (праворуч від року карбування).\r\n\r\nНа реверсі пам’ятної медалі зображено стилізовану гривню київського типу, ліва частина якої матова, права – дзеркальна з написом: ГРОШОВІЙ РЕФОРМІ В УКРАЇНІ/25 РОКІВ; ліворуч від гривні – елементи, що символізують трансформацію фінансової і грошової систем: мікросхема (угорі), цифри двійкового коду (унизу); праворуч на дзеркальному тлі – сучасні обігові монети гривні.', 'null', '', '', '2021', 'Украина', 'другое', 'Гривна', 'Набір `Монети України`', 'UNC / АЦ - Не была в обращении  / Анциркулейтед', '', '416', NULL, NULL, ''),
(12, 'Сувенірна срібна гривня', 'Сувенірна срібна гривня', 'Сувенірна срібна гривня', 'Сувенірна срібна гривня', 'другое', 3, 41, '4', 'SY-229199', 'Гривня випущена Національним банком України є копією монетної гривні київського типу ХІ - ХІІІ ст., яка на той час була основною одиницею грошового обігу і засобом накопичення на території Київської Русі. Саме від неї отримала назву і веде свою історію сучасна грошова одиниця, що стала основою грошового обігу незалежної України.', 'null', '', '', '', 'Украина', 'другое', '', '', 'UNC / АЦ - Не была в обращении  / Анциркулейтед', '', '7665', NULL, NULL, ''),
(13, 'Архістратиг Михаїл (з)', 'Архістратиг Михаїл (з)', 'Архістратиг Михаїл (з)', 'Архістратиг Михаїл (з)', 'коллекционные монеты', 3, 40, '7', 'ARC-001', 'Інвестиційні монети – особлива група сучасної монетної продукції, яка призначена для вкладання коштів широким колом інвесторів, в тому числі приватними особами. Продукція є засобом платежу та одночасно належить до категорії банківських металів.\r\nРік карбування інвестиційної монети, яка реалізується за замовленням, може відрізнятись від зображення представленого на сайті.\r\n\r\nНа аверсі монети розміщено: угорі малий Державний Герб України та напис півколом НАЦІОНАЛЬНИЙ БАНК УКРАЇНИ, у центрі у восьмикутному картуші на щиті зображено емблему Національного банку України - алегоричні фігури грифонів, між якими - гривня - грошово-вагова одиниця Київської Русі. Ця емблема символізує охорону і примноження золотого запасу держави. Крім того, на аверсі розміщено номінал монети, рік карбування та позначення металу, його проби і маси в чистоті.\r\n\r\nНа реверсі монети зображено Архістратига Михаїла - архангела, який є одним з найбільш шанованих біблійних персонажів, переможцем зла, покровителем воїнів, які борються за праведне діло; по колу розміщено напис …ЗА НАС І ДУШІ ПРАВЕДНИХ, І СИЛА АРХІСТРАТИГА МИХАЇЛА (рядки з поеми Т. Г. Шевченка `Гайдамаки`).', 'null', '31.1', '32', '2011', 'Украина', 'коллекционные монеты', '20 грн', '«Інвестиційні монети»', 'UNC / АЦ - Не была в обращении  / Анциркулейтед', '', '49768', NULL, NULL, 'золото'),
(14, 'Набір у сувенірній упаковці `До 100-річчя подій Української революції 1917 – 1921 років`', 'Набір у сувенірній упаковці `До 100-річчя подій Української революції 1917 – 1921 років`', 'Набір у сувенірній упаковці `До 100-річчя подій Української революції 1917 – 1921 років`', 'Набір у сувенірній упаковці `До 100-річчя подій Української революції 1917 – 1921 років`', 'другое', 3, 43, '20', 'NB-6662912', 'На відзначення 100-річчя Української революції 1917 - 1921 рр. і створення першого центрального банку України Національний банк України випустив набір у сувенірній упаковці `До 100-річчя подій Української революції 1917 - 1921 років`, що складається з пам`ятної медалі `100 років від дня заснування Українського державного банку` та сувенірної банкноти `Сто карбованців`, в якій відтворено дизайн першої української банкноти - державного кредитового білета номіналом 100 карбованців.', 'null', '', '', '2019', 'Украина', 'другое', '', 'Набір у сувенірній упаковці', 'UNC / АЦ - Не была в обращении  / Анциркулейтед', '', '220', NULL, NULL, ''),
(15, 'Сувенірна упаковка для монет «Збройні сили України» 2018-2020', 'Сувенірна упаковка для монет «Збройні сили України» 2018-2020', 'Сувенірна упаковка для монет «Збройні сили України» 2018-2020', 'Сувенірна упаковка для монет «Збройні сили України» 2018-2020', 'аксессуары', 8, 26, '15', 'NB-6662911', 'Сувенірна упаковка призначається для вкладення 9-ти пам’ятних монет спеціальних випусків, присвячених Збройним Силам України, випущених протягом 2018-2020 років.\r\nГабаритні розміри упаковки 190х190х7 мм. Упаковка має 9–ять пластикових обжимних футлярів для розміщення монет діаметром 30 мм наступних найменувань: «Захисникам Донецького аеропорту», «День українського добровольця», «100-річчя створення Українського військово-морського флоту», «На варті життя», «Учасникам бойових дій на території інших держав», «КрАЗ 6322 «Солдат», «Повітряні Сили Збройних Сил України», «Державна прикордонна служба України», День пам’яті полеглих захисників України».\r\nУпаковка містить інформацію українською та англійською мовами, а також технічні характеристики монет.', 'null', '', '', '2020', 'Украина', 'аксессуары', '', '', 'null', '', '168', NULL, NULL, ''),
(16, 'На варті життя (присвячується військовим медикам)', 'На варті життя (присвячується військовим медикам)', 'На варті життя (присвячується військовим медикам)', 'На варті життя (присвячується військовим медикам)', 'коллекционные монеты', 3, 32, '30', 'NB-66629125', 'Присвячена військовим медикам – людям, чия професія поєднує в собі медичні та військові знання, які самовіддано служать Батьківщині, щодня рятуючи життя її захисників, здійснюють подвиг милосердя, мужності і стійкості.\r\n\r\nНа аверсі монети розміщено: малий Державний Герб України (ліворуч), напис УКРАЇНА (угорі півколом), рік карбування монети 2019 (праворуч), номінал ДЕСЯТЬ ГРИВЕНЬ (півколом унизу); у центрі – стилізовану композицію: полум’я, на тлі якого – хрест, символ медицини, навколо – камуфльовані уламки, що символізують драматизм війни; унизу між уламками – логотип Банкнотно-монетного двору Національного банку України.\r\n\r\nНа реверсі монети розміщено стилізовану композицію: військовий медик надає допомогу пораненому бійцеві під час бойових дій, дзеркальні силуети гелікоптера та групи військових, які прямують до нього з ношами (ліворуч); напис: НА ВАРТІ ЖИТТЯ (унизу).', 'Рифлёный', '12.4', '30', '2019', 'Украина', 'коллекционные монеты', '10 гривен', 'Серія «Збройні Сили України»', 'UNC / АЦ - Не была в обращении  / Анциркулейтед', '', '10', NULL, NULL, 'сплав на основі цинку'),
(17, '5 копеек 1771 ЕМ орёл 1770-1777, нового образца', '5 копеек 1771 ЕМ орёл 1770-1777, нового образца', '5 копеек 1771 ЕМ орёл 1770-1777, нового образца', '5 копеек 1771 ЕМ орёл 1770-1777, нового образца', 'обиходные монеты', 4, 18, '5', 'EK-201992', 'Описание аверса\r\nВ центре изображен Государственный Герб Российской империи - двуглавый орёл с поднятыми вверх распущенными крыльями. Головы которого увенчаны двумя коронами, третья, большая корона над ними. На груди орла расположен Московский герб - щит с изображением Георгия Победоносца, поражающего копьём дракона. Вокруг щита орденская цепь с орденом Св. Апостола Андрея Первозванного. В правой лапе орла – скипетр, в левой – держава. Под правой лапой – буква «Е», под левой – буква «М». Обозначение Екатеринбургского монетного двора. Внизу, под центральным изображением, полукругом располагается бандероль с обозначением номинала - «ПЯТЬ•КОПѢЕКЪ».\r\n\r\nОписание реверса\r\nВ центре изображён вензель Екатерины II. Над вензелем - императорская корона. По обеим сторонам от вензеля цифры даты выпуска монеты: слева - «17», справа - «71» (1771 год). Вокруг центрального изображения, вдоль канта, изображён венок из лавровой и пальмовой ветвей, которые, в нижней части, перевязаны лентой на узел бантом.', 'null', '51.2', '42', '1771', 'Российская империя', 'обиходные монеты', ' 5 копеек', 'Екатерина 2 обиходные монеты', 'VF - Хорошее', '', '220', NULL, NULL, 'Медь'),
(18, '20 копеек 1772 СПБ-TI', '20 копеек 1772 СПБ-TI', '20 копеек 1772 СПБ-TI', '20 копеек 1772 СПБ-TI', 'обиходные монеты', 4, 18, '3', 'NB-6633312', 'Описание аверса\r\nВ центре профильный портрет вправо императрицы Екатерины II. Вокруг портрета круговая надпись: «Б•М•ЕКАТЕРИНА•II•IМП•IСАМОД•ВСЕРОС». В обрезе рукава — буквы «T.I.», инициалы медальера Тимофея Иванова. Под портретом буквы «С П Б», обозначение Санкт-Петербургского монетного двора.\r\n\r\nОписание реверса\r\nВ центре изображен Государственный Герб Российской империи - двуглавый орёл, головы которого увенчаны двумя коронами, третья, большая корона над ними. В правой лапе орла – скипетр, в левой – держава. На груди орла щит с обозначением номинала - цифрой «20». Вокруг орла, вдоль канта, 20 счётных точек, разделённые на 4 группы по пять точек. Также обозначающие номинал монеты. Ниже орла, на стилизованной ленте, дата выпуска - «1772».', 'Рифлёный', '3.74', '24', '1772', 'Российская империя', 'обиходные монеты', '20 копеек', 'Екатерина 2 обиходные монеты', 'AU - Почти не была в употреблении', '', '6200', NULL, NULL, 'Серебро'),
(19, '“Георгій Береговий” у футлярі', '“Георгій Береговий” у футлярі', '“Георгій Береговий” у футлярі', '“Георгій Береговий” у футлярі', 'коллекционные монеты', 3, 33, '30', 'GB-652671', 'Присвячена льотчикові-космонавту СРСР Георгію Береговому, який здійснив політ на космічному кораблі `Союз-3` з першою в історії космонавтики спробою стиковки з безпілотним кораблем, двічі Герою Радянського Союзу, заслуженому льотчику-випробувачу СРСР, начальнику Центру підготовки космонавтів імені Ю. О. Гагаріна.\r\n\r\nНа аверсі монети розміщено: угорі малий Державний Герб України та напис півколом НАЦІОНАЛЬНИЙ БАНК УКРАЇНИ, стилізовану композицію запуску космічного корабля `Союз-3`, ліворуч від якого напис `Союз-3`/ 26-30.10.1968, що летить назустріч безпілотному космічному кораблю `Союз-2` для здійснення стиковки в тіні Землі; праворуч рік карбування монети - 2011, унизу номінал - 5/ ГРИВЕНЬ.\r\n\r\nНа реверсі монети зображено портрет Георгія Берегового, на тлі якого - факсиміле, праворуч - стилізований запуск ракети та роки життя 1921-/1995, угорі півколом розміщено напис - ГЕОРГІЙ БЕРЕГОВИЙ.', 'Надпись', '', '33', '2011', 'Украина', 'коллекционные монеты', '5 гривен', 'Серія «Видатні особистості України»', 'UNC / АЦ - Не была в обращении  / Анциркулейтед', 'пруф', '867', '1250', 31, 'Серебро'),
(20, 'Финикия, Арад, 149/8 год до Р.Х., АЕ16.', 'Финикия, Арад, 149/8 год до Р.Х., АЕ16.', 'Финикия, Арад, 149/8 год до Р.Х., АЕ16.', 'Финикия, Арад, 149/8 год до Р.Х., АЕ16.', 'обиходные монеты', 6, 35, '4', 'FA-1498881', '-АЕ17 Бронза, Вес: 3.57 гр., Диаметр 16.2 мм.\r\n-Время чеканки: 149/8 год до Р.Х.\r\n-Место чеканки: Арад.\r\n-Аверс: голова Зевса в лавровом венке, повёрнутая вправо.\r\n-Реверс: корабельный таран влево, 111 год по эре Арада (149/8 год до Р.Х.).', 'null', '3.31', '16.3', '149-148 гг. до н.э.', 'Древняя Греция', 'обиходные монеты', 'AE16', 'Финикия, Арад', 'VF - Хорошее', '', '1700', '2000', 15, 'Бронза'),
(21, '5 рублей 1898 АГ', '5 рублей 1898 АГ', '5 рублей 1898 АГ', '5 рублей 1898 АГ', 'обиходные монеты', 4, 25, '2', 'FR-189828', 'Описание аверса\r\nВ центре профильный портрет влево императора Николая II. Слева надпись «Б.М. НИКОЛАЙ II ИМПЕРАТОР», справа - «И САМОДЕРЖЕЦ ВСЕРОСС.». По окружности канта имеются рельефные элементы, выполненные в виде зубцов.\r\n\r\nОписание реверса\r\nВ центре изображен Малый Государственный Герб Российской империи - двуглавый орёл, головы которого увенчаны двумя коронами, третья, большая корона над ними. Все они соединены орденской лентой ордена Св. Апостола Андрея Первозванного. На груди орла расположен Московский герб, в щите изображен Георгий Победоносец с копьем поражающий дракона. Вокруг щита цепь ордена Св. Апостола Андрея Первозванного. На крыльях изображены гербы: Царства Казанского, Польского, Херсонеса Таврического, Астраханского, Сибирского, Грузинского и герб соединенных княжеств Киевского, Новгородского и Владимирского — по 4 на каждое крыло. В правой лапе орла – скипетр, в левой – держава. Под ним слева направо изображены: номинал - надпись «5 РУБЛЕЙ» и дата выпуска «1898 Г.». По окружности канта имеются рельефные элементы, выполненные в виде зубцов.', 'Надпись', '4.3', '18', '1898', 'Российская империя', 'обиходные монеты', '5 рублей', 'Николай 2 монеты из золота', 'XF - Отличное', '', '10000', NULL, NULL, 'Золото'),
(22, 'Альбом для монет 221 ячейка черные листы Schulz', 'Альбом для монет 221 ячейка черные листы Schulz', 'Альбом для монет 221 ячейка черные листы Schulz', 'Альбом для монет 221 ячейка черные листы Schulz', 'аксессуары', 8, 26, '35', 'BL-9282382', 'Универсальный альбом на 221 монету производства Польши.\r\nСкоросшиватель поможет Вам без труда добавлять или убирать листы. Вместимость до 20 листов. \r\n\r\nВ данную комплектацию входят:\r\n3 листа на 35 монет (размер ячейки 25 x 25мм), \r\n4 листа на 20 монет (размер ячейки 33 х 35мм), \r\n3 листа на 12 монет (размер ячейки 44 х 45мм). \r\n10 файлов с красными картонными вкладышами для записей.', 'null', '', '', '', 'Польша', 'аксессуары', '', '', 'null', '', '550', '749', 27, ''),
(23, 'Альбом для монет регулярного чекана СССР, погодовка СССР 1961-1991 2 тома', 'Альбом для монет регулярного чекана СССР, погодовка СССР 1961-1991 2 тома', 'Альбом для монет регулярного чекана СССР, погодовка СССР 1961-1991 2 тома', 'Альбом для монет регулярного чекана СССР, погодовка СССР 1961-1991 2 тома', 'аксессуары', 8, 26, '10', 'SR-292992', 'Набор альбомов-планшетов для монет СССР регулярного выпуска 1961-1991гг.\r\n\r\n    Набор планшетов предназначен для хранения  монет регулярного выпуска 1961-1991гг. \r\n   Альбомы продаются только набором из 2 шт.: 1, 2 том.\r\n\r\n  1  Том - предназначен для  хранения монет с 1961 по 1977 год\r\n  2  Том - предназначен для хранения монет с 1978 по 1991 год  \r\n\r\nКаждая ячейка предназначена для хранения определенной монеты (все ячейки подписаны). Ячейки для монет изготовлены из картона. На обложке планшета присутствует список всех выпущенных монет.', 'null', '', '', '', 'СССР', 'аксессуары', '', '', 'null', '', '890', NULL, NULL, ''),
(24, '5 ГРИВЕН 2021 РЕШЕТИЛОВСКОЕ КОВРОТКАЧЕСТВО', '5 ГРИВЕН 2021 РЕШЕТИЛОВСКОЕ КОВРОТКАЧЕСТВО', '5 ГРИВЕН 2021 РЕШЕТИЛОВСКОЕ КОВРОТКАЧЕСТВО', '5 ГРИВЕН 2021 РЕШЕТИЛОВСКОЕ КОВРОТКАЧЕСТВО', 'коллекционные монеты', 3, 32, '5', '255322', 'Присвячена одній зі сторінок української культурної спадщини – творам килимового мистецтва Полтавщини, яким притаманна особлива стилізація рослинних квіткових мотивів у вигляді ламаних гілок із квітами та листям. Решетилівські майстри ткацтва, килимарства та вишивки відомі на всю Україну з кінця ХІХ ст. Традиції рослинного килимарства Решетилівки, справжньої скарбниці українського народного мистецтва, у 2017 році внесено до Національного переліку елементів нематеріальної культурної спадщини України.', 'Рифлёный', '16.54', '35', '2021', 'Украина', 'коллекционные монеты', '5 гривен', 'Украинское наследие', 'UNC / АЦ - Не была в обращении  / Анциркулейтед', 'пруф', '280', '300', 7, 'нейзильбер'),
(25, '5 ГРИВЕН 2020 УКРАИНА &quot;ПЕРЕДОВАЯ&quot;', '5 ГРИВЕН 2020 УКРАИНА &quot;ПЕРЕДОВАЯ&quot;', '5 ГРИВЕН 2020 УКРАИНА &quot;ПЕРЕДОВАЯ&quot;', '5 ГРИВЕН 2020 УКРАИНА &quot;ПЕРЕДОВАЯ&quot;', 'коллекционные монеты', 3, 32, '3', 'FA-14988811', 'Экземпляр посвящен медицинский работникам, военным, а также представителям других профессий, которые борются за территориальную целостность и защищают страну. Он изготовлен из нейзильбера, сплава меди, никеля и цинка. Технические характеристики денежного знака: вес — 16,54 грамма; диаметр — 35 миллиметров; гурт — рифленый; качество чеканки — анциркулейтед. На лицевой стороне 5 гривен «Передовая» слева — две руки, показывающие знак V. Это символ мира и победы. В верхней части выгравирован национальный символ страны, трезуб. Рядом — надпись «Украина». Слева — год выпуска, 2020, и эмблема монетного двора. По центру вертикально — надпись «Вместе». Справа — номинальная стоимость, 5 гривен. По центру реверса тянется вертикальная надпись «Передовая». С двух сторон от нее — цветные изображения медицинского работника и военного. Если вы хотите пополнить свою коллекцию юбилейных монет этим экземпляром, оформляйте заказ через сайт или менеджера интернет-магазина. В описании указана актуальная цена денежного знака в идеальном состоянии.', 'Рифлёный', '16.54', '35', '2020', 'Украина', 'коллекционные монеты', '5 рублей', 'Другие монеты', 'UNC / АЦ - Не была в обращении  / Анциркулейтед', 'пруф', '348', NULL, NULL, 'нейзильбер'),
(26, '5 КОПЕЕК 1910 СПБ-ЭБ', '5 КОПЕЕК 1910 СПБ-ЭБ', '5 КОПЕЕК 1910 СПБ-ЭБ', '5 КОПЕЕК 1910 СПБ-ЭБ', 'обиходные монеты', 4, 25, '3', 'NB-6633245', 'Аверс: в середине Малый Государственный Герб Российской империи, внизу вдоль края монеты слева и справа от хвоста орла инициалы минцмейстера «ЭБ» (Эликум Бабаянц).\r\nРеверс: слева вдоль края монеты лавровая ветвь, справа дубовая, внизу ветви соединяются и перевязаны лентой, в середине вверху Корона Российской империи, под ней обрамленный слева и справа звездочками номинал монеты — цифра «5», ниже слово «КОПЕЕК», под ним две направленные в разные стороны фигурные черты и ниже год выпуска монеты «1910», под ним обозначение монетного двора «СПБ».', 'Рифлёный', '0.9', '15', '1910', 'Российская империя', 'обиходные монеты', ' 5 копеек', 'Монетный двор: Санкт-Петербургский', 'AU - Почти не была в употреблении', '', '2000', '2100', 5, 'Серебро'),
(27, 'Металлоискатель Minelab Equinox 800', 'Металлоискатель Minelab Equinox 800', 'Металлоискатель Minelab Equinox 800', 'Металлоискатель Minelab Equinox 800', 'другое', 8, 29, '6', 'MM-092882', 'Рабочая частота\r\nMulti, 5, 10, 15, 20, 40 кГц \r\nГлубина обнаружения монеты\r\n20-35 см \r\nДискриминатор\r\n50 сегментов \r\nКоличество программ дискриминации\r\n8 (по 2 на каждый режим поиска) \r\nНастройка чувствительности\r\n1–25 \r\nНастройка порога\r\n0–25 \r\nБалансировка грунта\r\nАвтоматический / Ручной \r\nОтстройка от шумов \r\nАвтоматическая / Ручная (от -9 до 9) \r\nКласс\r\nПрофессиональный  \r\nТональная идентификация\r\n1, 2, 5, 50 \r\nРегулировка громкости\r\n0–25 \r\nТип\r\nЦелеуказатели \r\nДлина детектора\r\n1.44 м \r\nВес детектора\r\n1.34 кг \r\nПитание\r\nВстроенная литий-ионная аккумуляторная батарея \r\nКомплектация \r\nМеталлодетектор \r\nБеспроводные наушники Bluetooth / apt-X Low Latency \r\nБеспроводной аудиомодуль WM 08 \r\nUSB кабель с магнитным разъемом для зарядки аккумуляторной батареи  \r\nИнструкция \r\nАксессуары\r\nМеталлодетекторы \r\nЖК-дисплей\r\nМонохромный ЖК-дисплей с подсветкой \r\nТип схемы металлодетектора\r\nBBS\r\nVLF  /\r\nМакс. глубина обнаружения, м\r\nМенее 1 \r\nСтрана-производитель товара\r\nМалайзия \r\nГабариты упаковки\r\n69 x 32 x 13 см \r\nСтрана регистрации бренда\r\nАвстралия \r\nГарантия\r\n36 месяцев ', 'null', '', '', '', 'Малайзия', 'другое', '', '', 'null', '', '32008', '32201', 1, ''),
(28, 'ГОДОВОЙ НАБОР НБУ - ОБИХОДНЫХ МОНЕТ УКРАИНЫ 2019', 'ГОДОВОЙ НАБОР НБУ - ОБИХОДНЫХ МОНЕТ УКРАИНЫ 2019', 'ГОДОВОЙ НАБОР НБУ - ОБИХОДНЫХ МОНЕТ УКРАИНЫ 2019', 'ГОДОВОЙ НАБОР НБУ - ОБИХОДНЫХ МОНЕТ УКРАИНЫ 2019', 'обиходные монеты', 3, 31, '5', 'FA-1498KAQ', 'Годовой набор НБУ - обиходных монет Украины 2019\r\n\r\nВ наборе 8 монет:\r\n- 10 копеек 2019 года.\r\n- 50 копеек 2019 года.\r\n- 1 гривна 2019 года.\r\n- 2 гривны 2019 года.\r\n- 5 гривен 2019 года.\r\n- 10 гривен 2019 года - Участникам боевых действий на территории других государств.\r\n- 10 гривен 2019 года - КрАЗ-6322 \"Солдат\".\r\n- 10 гривен 2019 года - На страже жизни (посвящается военным медикам).', 'null', '', '', '2019', 'Украина', 'обиходные монеты', '', 'набор монет', 'UNC / АЦ - Не была в обращении  / Анциркулейтед', '', '110', '1150', 91, '');

-- --------------------------------------------------------

--
-- Структура таблицы `photo`
--

CREATE TABLE `photo` (
  `id` int(11) NOT NULL,
  `name` varchar(255) NOT NULL,
  `id_item` int(11) NOT NULL,
  `main` int(11) NOT NULL
) ENGINE=InnoDB DEFAULT CHARSET=utf8;

--
-- Дамп данных таблицы `photo`
--

INSERT INTO `photo` (`id`, `name`, `id_item`, `main`) VALUES
(10, '1631836466image_part_001.jpg', 4, 1),
(11, '1631836562image_part_001 (1).jpg', 5, 1),
(12, '16301435790013638_zolota-moneta-7-rublej-50-kopeek-nikolaj-ii-nikolaevskij-ervonec-645-gramm-1987g.jpeg', 6, 1),
(13, '16301435790013639_zolota-moneta-7-rublej-50-kopeek-nikolaj-ii-nikolaevskij-ervonec-645-gramm-1987g.jpeg', 6, 0),
(14, '16301440180018876_zolota-pamtna-moneta-1-grivna.png', 7, 1),
(19, '16305977221630144404olen-rred_pngpng-700x700.png', 8, 1),
(20, '1630144404futliar_oleny_rev-700x852.png', 8, 0),
(21, '1630144404olen-ared_pngpng-700x700.png', 8, 0),
(24, '163148302644067.jpg', 7, 0),
(25, '1631483026323279.jpg', 7, 0),
(26, '1631483026893722.jpg', 7, 0),
(27, '1631836480image_part_002.jpg', 4, 0),
(28, '1631836591image_part_002 (1).jpg', 5, 0),
(29, '1632925070povitriani_sili_ukraini_revprint-1-700x700.png', 9, 1),
(31, '1632925287100rokiv_flot_ukrine_av_print-700x700.png', 10, 1),
(32, '1632925287100rokiv_flot_ukrine_rev_print-700x700.png', 10, 0),
(33, '16329257798efa_nabir_monet_2021-700x505.png', 11, 1),
(34, '16329257798efr_nabir_monet_2021-700x506.png', 11, 0),
(35, '1632925935grivnia-kyivskogo-typu-700x354.png', 12, 1),
(36, '1632925935sribna-gryvnya-kyivskogo-typu-700x770.png', 12, 0),
(37, '1632926538arhistratyg-myhail-gold-20-r-700x700.png', 13, 1),
(38, '1632926538arhistratyg-myhail-gold-20-a-700x700.png', 13, 0),
(39, '1633216267100_grn_suvenir_upakovka_big-002-700x414.png', 14, 1),
(40, '1633216267100-rokiv-zasnuvanni-ukr-derg-bank-a-700x700.png', 14, 0),
(41, '1633216267100-rokiv-zasnuvanni-ukr-derg-bank-r-700x700.png', 14, 0),
(42, '1633216267100_grn_suvenir_upakovka_seredina_big-002-700x388.png', 14, 0),
(43, '1633216267100_suvenirna_banknota_av_internet_big-700x329.png', 14, 0),
(44, '1633216267100_suvenirna_banknota_rev_internet_big-700x329.png', 14, 0),
(45, '1633388037album.jpg', 15, 1),
(48, '1633259093viyskovi_mediki_rev_print-700x700.png', 16, 1),
(49, '1633259093viyskovi_mediki_av_print-700x700.png', 16, 0),
(50, '16332967481127157_big.png', 17, 1),
(51, '16332967481127156_big.png', 17, 0),
(52, '1633297151994602_mainViewLot_2x.jpg', 18, 1),
(53, '1633297151994601_big.png', 18, 0),
(54, '1633297151994600_big.png', 18, 0),
(55, '1633388022asdasads.jpg', 15, 0),
(56, '1633388022asssawawda.jpg', 15, 0),
(57, '1633530462futliar_beregoviypng_av-700x845.png', 19, 1),
(58, '1633530462beregoviy_rev_png-700x700.png', 19, 0),
(59, '1633530462beregoviy_av_png-700x700.png', 19, 0),
(60, '1633696689633967_big.jpg', 20, 1),
(61, '16336966891097337_mainViewLot_2x.jpg', 20, 0),
(62, '16336980511166753_big.jpeg', 21, 1),
(63, '16336980511166752_big.jpg', 21, 0),
(64, '16336980511166751_big.jpg', 21, 0),
(65, '16338186513359770865_w640_h640_albom-dlya-monet.jpg', 22, 1),
(66, '16338186513359770868_w640_h640_albom-dlya-monet.jpg', 22, 0),
(67, '16338186513359770870_w640_h640_albom-dlya-monet.jpg', 22, 0),
(68, '16338186513359770871_w640_h640_albom-dlya-monet.jpg', 22, 0),
(69, '16338186513359770873_w640_h640_albom-dlya-monet.jpg', 22, 0),
(70, '16338186513359770875_w640_h640_albom-dlya-monet.jpg', 22, 0),
(71, '16338186513359770877_w640_h640_albom-dlya-monet.jpg', 22, 0),
(72, '16338188533293705271_w640_h640_albom-dlya-monet.jpg', 23, 1),
(73, '16338188533293705277_w640_h640_albom-dlya-monet.jpg', 23, 0),
(74, '16338188533293705273_w640_h640_albom-dlya-monet.jpg', 23, 0),
(75, '16338188533293705275_w640_h640_albom-dlya-monet.jpg', 23, 0),
(76, '16348227023168.jpg', 24, 1),
(77, '16348227023168_1.jpg', 24, 0),
(78, '16348230503130.jpg', 25, 1),
(79, '16348230503130_1.jpg', 25, 0),
(80, '16348238682977.jpg', 26, 1),
(81, '16348238682977_1.jpg', 26, 0),
(82, '16350293453078.jpg', 28, 1),
(85, '16350293383078_2.jpg', 28, 0),
(86, '16350293383078_1.jpg', 28, 0);

-- --------------------------------------------------------

--
-- Структура таблицы `pod_atributes`
--

CREATE TABLE `pod_atributes` (
  `id` int(11) NOT NULL,
  `name` varchar(128) NOT NULL,
  `photo` varchar(255) NOT NULL,
  `id_atributes` int(11) NOT NULL
) ENGINE=InnoDB DEFAULT CHARSET=utf8;

-- --------------------------------------------------------

--
-- Структура таблицы `setting_page`
--

CREATE TABLE `setting_page` (
  `id` int(11) NOT NULL,
  `meta_title` varchar(255) NOT NULL,
  `meta_keywords` varchar(255) NOT NULL,
  `meta_description` varchar(255) NOT NULL,
  `title` varchar(50) NOT NULL,
  `fulldescription` text NOT NULL,
  `name` varchar(25) NOT NULL,
  `page` varchar(25) NOT NULL,
  `prioritet` int(11) NOT NULL,
  `parent` int(11) NOT NULL
) ENGINE=InnoDB DEFAULT CHARSET=utf8;

--
-- Дамп данных таблицы `setting_page`
--

INSERT INTO `setting_page` (`id`, `meta_title`, `meta_keywords`, `meta_description`, `title`, `fulldescription`, `name`, `page`, `prioritet`, `parent`) VALUES
(1, 'Главная страница сайта', 'Главная страница сайта', 'Главная страница сайта', 'Нумизмат ', 'Главная страница сайта Нумизмат ', 'Главная страница', 'main', 1, 1),
(2, 'Доставка', 'Доставка', 'Доставка', 'Нумизмат доставка', 'Доставка магазина', 'Доставка', 'delivery', 2, 1),
(3, 'Контактная информация', 'Контактная информация', 'Контактная информация', 'Контактны', 'Контактны магазина Нумизмат', 'Контакты магазина', 'contact', 3, 1),
(4, 'О магазине', 'О магазине', 'О магазине', 'О магазине', 'О магазине Нумизмат', 'О магазине', 'about', 4, 1),
(5, 'Каталог продукции Нумизмат', 'Каталог продукции Нумизмат', 'Каталог продукции Нумизмат', 'Каталог продукции', 'Каталог продукции интернет-магазина Нумизмат', 'Каталог продукции', 'catalog', 5, 2),
(6, 'Информация о товаре', 'Информация о товаре', 'Информация о товаре', 'Информация о товаре', 'Информация о товаре', 'Информация о товаре', 'productinfo', 6, 3);

-- --------------------------------------------------------

--
-- Структура таблицы `user`
--

CREATE TABLE `user` (
  `id` int(11) NOT NULL,
  `login` varchar(64) NOT NULL,
  `pass` varchar(64) NOT NULL,
  `prava` int(11) NOT NULL DEFAULT '0',
  `phone` varchar(18) NOT NULL,
  `email` varchar(128) NOT NULL,
  `user_name` varchar(64) NOT NULL
) ENGINE=InnoDB DEFAULT CHARSET=utf8;

--
-- Дамп данных таблицы `user`
--

INSERT INTO `user` (`id`, `login`, `pass`, `prava`, `phone`, `email`, `user_name`) VALUES
(1, 'admin', '601f1889667efaebb33b8c12572835da3f027f78', 1, '380638782011', 'djangurik@gmail.com', 'admin');

-- --------------------------------------------------------

--
-- Структура таблицы `viewed_page`
--

CREATE TABLE `viewed_page` (
  `id` int(11) NOT NULL,
  `ip_client` varchar(64) NOT NULL,
  `product_id` varchar(64) NOT NULL
) ENGINE=InnoDB DEFAULT CHARSET=utf8;

--
-- Дамп данных таблицы `viewed_page`
--

INSERT INTO `viewed_page` (`id`, `ip_client`, `product_id`) VALUES
(53, '127.0.0.1', '23'),
(54, '127.0.0.1', '17'),
(55, '127.0.0.1', '11'),
(56, '127.0.0.1', '22'),
(57, '127.0.0.1', '19'),
(58, '127.0.0.1', '21'),
(59, '127.0.0.1', '20'),
(60, '127.0.0.1', '16'),
(61, '127.0.0.1', '6');

--
-- Индексы сохранённых таблиц
--

--
-- Индексы таблицы `atributes`
--
ALTER TABLE `atributes`
  ADD PRIMARY KEY (`id`);

--
-- Индексы таблицы `category`
--
ALTER TABLE `category`
  ADD PRIMARY KEY (`id`);

--
-- Индексы таблицы `commentary`
--
ALTER TABLE `commentary`
  ADD PRIMARY KEY (`id`);

--
-- Индексы таблицы `item_monets`
--
ALTER TABLE `item_monets`
  ADD PRIMARY KEY (`id`);

--
-- Индексы таблицы `photo`
--
ALTER TABLE `photo`
  ADD PRIMARY KEY (`id`);

--
-- Индексы таблицы `pod_atributes`
--
ALTER TABLE `pod_atributes`
  ADD PRIMARY KEY (`id`);

--
-- Индексы таблицы `setting_page`
--
ALTER TABLE `setting_page`
  ADD PRIMARY KEY (`id`);

--
-- Индексы таблицы `user`
--
ALTER TABLE `user`
  ADD PRIMARY KEY (`id`);

--
-- Индексы таблицы `viewed_page`
--
ALTER TABLE `viewed_page`
  ADD PRIMARY KEY (`id`);

--
-- AUTO_INCREMENT для сохранённых таблиц
--

--
-- AUTO_INCREMENT для таблицы `atributes`
--
ALTER TABLE `atributes`
  MODIFY `id` int(11) NOT NULL AUTO_INCREMENT, AUTO_INCREMENT=56;

--
-- AUTO_INCREMENT для таблицы `category`
--
ALTER TABLE `category`
  MODIFY `id` int(11) NOT NULL AUTO_INCREMENT, AUTO_INCREMENT=9;

--
-- AUTO_INCREMENT для таблицы `commentary`
--
ALTER TABLE `commentary`
  MODIFY `id` int(11) NOT NULL AUTO_INCREMENT, AUTO_INCREMENT=4;

--
-- AUTO_INCREMENT для таблицы `item_monets`
--
ALTER TABLE `item_monets`
  MODIFY `id` int(11) NOT NULL AUTO_INCREMENT, AUTO_INCREMENT=29;

--
-- AUTO_INCREMENT для таблицы `photo`
--
ALTER TABLE `photo`
  MODIFY `id` int(11) NOT NULL AUTO_INCREMENT, AUTO_INCREMENT=87;

--
-- AUTO_INCREMENT для таблицы `pod_atributes`
--
ALTER TABLE `pod_atributes`
  MODIFY `id` int(11) NOT NULL AUTO_INCREMENT;

--
-- AUTO_INCREMENT для таблицы `setting_page`
--
ALTER TABLE `setting_page`
  MODIFY `id` int(11) NOT NULL AUTO_INCREMENT, AUTO_INCREMENT=7;

--
-- AUTO_INCREMENT для таблицы `user`
--
ALTER TABLE `user`
  MODIFY `id` int(11) NOT NULL AUTO_INCREMENT, AUTO_INCREMENT=2;

--
-- AUTO_INCREMENT для таблицы `viewed_page`
--
ALTER TABLE `viewed_page`
  MODIFY `id` int(11) NOT NULL AUTO_INCREMENT, AUTO_INCREMENT=62;
COMMIT;

/*!40101 SET CHARACTER_SET_CLIENT=@OLD_CHARACTER_SET_CLIENT */;
/*!40101 SET CHARACTER_SET_RESULTS=@OLD_CHARACTER_SET_RESULTS */;
/*!40101 SET COLLATION_CONNECTION=@OLD_COLLATION_CONNECTION */;
